{
    "   1 X 2   3": {
        "00": -0.1
    },
    "XO  X   O": {
        "02": -0.1
    },
    "X  1   2   3": {
        "01": -0.19,
        "02": -0.1,
        "10": -0.1,
        "11": -0.1,
        "12": -0.1,
        "20": -0.1,
        "21": -0.1
    },
    "X  1  O2   3": {
        "01": -0.1
    },
    "XO 1  O2   3": {
        "02": -0.1
    },
    "XOO1  O2   3": {
        "10": -0.1
    },
    "XOO1O O2   3": {
        "11": -0.1
    },
    "XOO1OOO2   3": {
        "20": 0.20791
    },
    "XOO1OOO2O  3": {
        "21": 0.2962
    },
    "XOO1OOO2OO 3": {
        "22": 0.271
    },
    "X  1   2O  3": {
        "01": -0.1
    },
    "XO 1   2O  3": {
        "02": -0.1
    },
    "XOO1   2O  3": {
        "10": -0.1
    },
    "XOO1O  2O  3": {
        "11": 0.1
    },
    "XOO1OO 2O  3": {
        "12": 0.10900000000000001
    },
    "XO 1   2   3": {
        "02": -0.1
    },
    "XOO1   2   3": {
        "10": -0.1
    },
    "XOO1O  2   3": {
        "11": -0.1
    },
    "XOO1OO 2   3": {
        "12": -0.09100000000000001
    },
    "X  1OX 2 O 3": {
        "01": -0.1
    },
    "XO 1OX 2 O 3": {
        "02": -0.1
    },
    "XOO1OX 2 O 3": {
        "12": -0.1
    },
    "XOO1OXO2 O 3": {
        "20": -0.1
    },
    "XOO1OXO2OO 3": {
        "22": 0.1
    }
}